lightup_id,user_id
c8fyd,3243
w3npa,3244
7m9rk,3678
f8twb,4868
ixxz5,4869
rjg56,4870
2sdjs,4871
gip1u,4872
nnwdt,4873
1kqsj,4875
21moa,4876
a3s6y,4877
3n2r2,4878
4qwgd,4879
5pn9g,4966
2xaao,4967
gf6w6,4968
m5puu,4969
ml2z6,4970
fvtvz,4971
2nfkg,4974
qrba8,4975
9jt3l,4976
e5td3,4977
gcvic,4979
q3aww,4980
djh81,4981
y4emc,4982
glqil,4983
9f97n,4984
f7qi5,4985
hk427,4988
7ltg1,4989
rywsb,4990
qdqc7,4991
uj3qq,4992
tu6nn,4994
zi9zt,4995
o2vnb,4996
r9fj7,4997
j58vh,4998
o8eao,4999
53rzs,5000
4v4ek,5001
pxeng,5002
lum4z,5003
ga1r7,5004
h8qhz,5065
e3syz,5066
x1s31,5163
ndn2s,5164
7lu1v,5165
qfzvm,5166
xcwtt,5167
geiiv,5168
se22j,5169
6xsoq,5170
zeqz5,5171
4j94r,5172
c2r3m,5173
vfs4k,5194
jcm6i,5198
ato14,5199
w9u4i,5201
4h8c3,5202
dcot4,5203
m7ajq,5204
99gfh,5205
6x2mv,5206
pw1q7,5207
1u7ru,5208
vubrm,5209
fu5km,5210
k7g7d,5211
31lcv,5212
15to2,5213
2cebq,5214
58fr5,5330
a5wx3,5396
6ljsg,5397
8sk35,5398
haonv,5399
jp8x6,5400
2dbfu,5401
jj42v,5402
i4t8g,5403
dz793,5404
9gfgh,5407
v27ny,5408
lajei,5409
sp8el,5410
qsp9l,5411
93ibb,5412
t7xyc,5419
f2a8x,5420
eeeov,5421
dt5h2,5422
sr243,5423
vntuc,5424
tgu7o,5429
2sifb,5430
5wwp1,5431
6v19w,5432
6f6ne,5433
fwdyn,5434
62s6e,5443
9t53u,5444
hxst7,5445
ih7l4,5446
k2hvv,5494
vit68,5495
6c4o4,5496
ci27o,5497
gjb2o,5498
hwhaf,5499
8ljms,5500
rlme5,5501
48kn8,5502
28ewm,5503
d7n62,5567
41cz5,5568
bzqbs,5569
w6kbh,5570
5vyoa,5574
qmqst,5604
4zx57,5605
5qn97,5606
a9tnd,5611
8zknt,5612
5d272,5613
g138p,5614
qxsdh,5615
gzlxm,5616
xhbi9,5617
atthf,5618
n3gad,5619
zpfu2,5620
ozokv,5621
uu78c,5622
87q26,5641
1zryo,5861
2kzlr,5862
zod6q,5873
e4www,5874
xu5ww,5875
5qm23,5880
sxv3w,5881
z77fp,5882
fv6ag,5883
q9m6a,5884
b29xl,5885
ch19y,5886
tdp7z,5887
s4sfh,5888
wagzb,5889
lk2m2,5890
9w69v,5891
xan47,5892
y1boo,5893
vletz,5894
tqfss,5895
hjnz6,5898
7ktlr,5899
qp25a,5900
mlol4,5901
tg8zp,5903
cvh0s,5904
vm6ud,5905
krjzj,5906
ybwp5,5924
u49po,5925
71zqr,5959
bxy4z,5960
gg5qr,6354
pmk4q,6355
h6tqs,6981